server,host,port,op,clients,value_size,seconds,ops,ops_per_sec,p50_us,p95_us,p99_us
mako,127.0.0.1,6380,set,32,1024,30,1824476,60815.866667,570.134000,908.059000,970.492000
mako,127.0.0.1,6380,set,64,1024,30,2011853,67061.766667,944.915000,1147.790000,1258.900000
mako,127.0.0.1,6380,set,128,1024,30,1942852,64761.733333,2049.329000,3573.165000,3714.039000
