server,host,port,op,clients,value_size,seconds,ops,ops_per_sec,p50_us,p95_us,p99_us
redis,127.0.0.1,6378,set,32,1024,30,2749144,91638.133333,422.817000,641.764000,784.096000
redis,127.0.0.1,6378,set,64,1024,30,2848755,94958.500000,669.099000,1012.907000,1350.042000
redis,127.0.0.1,6378,set,128,1024,30,2749601,91653.366667,1449.628000,1544.411000,2903.174000
